start_period,end_period,proportion,orig_assembly,orig_component,assembly,component
23,60,0.002131,439,3979,439,3979
23,60,0.0,533,3979,533,3979
23,60,0.0,534,3979,534,3979
23,60,0.00303,536,3979,536,3979
23,60,0.0,537,3979,537,3979
23,60,0.001089,538,3979,538,3979
23,60,0.0,539,3979,539,3979
23,60,0.072828,3979,3979,3979,3979
23,60,0.000889,4173,3979,4173,3979
