start_period,end_period,proportion,orig_assembly,orig_component,assembly,component
36,96,0.0,244,583,244,583
36,96,0.5,583,583,583,583
36,125,0.192531,583,706,583,706
36,125,0.0,706,706,706,706
36,125,0.0,825,706,825,706
36,133,0.004275,3776,3776,3776,3776
36,133,0.0,4042,3776,4042,3776
36,133,0.0,4043,3776,4043,3776
36,133,0.0,4044,3776,4044,3776
36,133,0.0,4045,3776,4045,3776
